first_name,last_name,state,Job_Title,Salary,Tenure,Credit_Score,Age,Sex,Loan_Amount,Interest_APR,Co_Borrower
Akim,Krienke,NJ,Accounting Assistant IV,108086,13,805,21,1,465842,3.65,true
Bobbie,Treneman,MN,General Manager,424627,19,393,93,1,473761,3.4,true
Gretel,L' Estrange,KY,Senior Sales Associate,29346,13,538,18,2,132371,3.86,false
Chantalle,Murby,FL,Senior Developer,150818,1,606,78,2,402802,3.67,false
Obed,Philipeau,TX,Environmental Tech,47735,15,317,81,2,482659,3.74,false
Rodney,Reynolds,CO,Civil Engineer,190683,3,793,94,1,459546,2.73,true
Donovan,Barras,CA,Human Resources Manager,403585,20,350,43,2,292291,3.11,false
Caz,Aronov,AZ,Engineer II,382300,25,330,28,1,221989,2.59,false
Yankee,Yaldren,NC,Legal Assistant,234357,12,641,44,2,78863,2.81,false
Barnabas,MacCostigan,CA,Design Engineer,252691,10,728,73,2,242200,3.36,true
Dorothea,Loughhead,DC,Developer II,563932,15,585,74,1,193906,2.63,false
Charlie,Lief,DC,Dental Hygienist,346640,4,528,33,2,424821,2.64,false
Jamie,Camilli,MI,VP Quality Control,106713,20,705,90,1,179912,2.91,false
Terry,Ianne,SC,Systems Administrator I,171144,4,820,70,1,260093,3.24,false
Ned,Darby,CA,Media Manager II,303066,17,715,23,1,379457,3.43,false
Kerry,Switland,OK,Compensation Analyst,316835,2,675,57,1,180174,3.2,true
Cassy,Ballantyne,PA,Human Resources Manager,179962,6,639,47,2,256919,3.88,false
Mada,Fyers,TX,Technical Writer,372168,6,580,47,1,205101,2.89,false
Quintus,Sabatini,MO,Sales Associate,434043,16,755,60,2,71423,2.68,true
Janaye,Reford,TX,Programmer Analyst I,274474,15,796,49,2,211539,3.49,true
Noemi,Delgardo,IN,Librarian,271536,19,846,58,2,282319,2.82,false
Inglis,Pavlitschek,TX,Tax Accountant,123218,3,378,32,1,166219,2.88,false
Konstance,Mosen,AL,Teacher,116534,20,814,96,2,255025,3.77,false
Alair,Touhig,DC,Occupational Therapist,157575,4,817,18,1,436008,3.98,false
Kahlil,Schulze,TX,Assistant Manager,455856,22,630,34,1,457767,3.06,true
Rosette,Imlen,NV,Structural Engineer,518251,19,381,80,1,84857,2.87,false
Andie,Simonite,DC,Chief Design Engineer,401512,11,391,47,2,293600,2.91,false
Ransom,Govini,TN,Help Desk Technician,279786,3,344,36,1,109467,3.73,false
Elle,Bickley,OH,Account Representative II,281414,21,673,20,2,435123,3.24,true
Piggy,Hanmer,CA,Staff Scientist,248594,17,842,89,2,345782,2.95,true
Joella,Mattis,DC,Senior Developer,434668,5,842,29,1,426111,4.0,false
Bunnie,Scargill,FL,Staff Scientist,599412,19,586,46,2,228846,3.07,true
Ingar,Bamlett,CA,Chief Design Engineer,425129,17,847,58,1,271380,3.91,true
Lamont,Breitler,OH,Senior Cost Accountant,569694,18,321,74,2,96825,3.08,false
Eolanda,Tutton,NC,Recruiter,204252,16,329,69,1,62082,2.6,true
Brian,Chittey,OK,Financial Analyst,250159,4,501,61,2,469603,3.72,true
Theo,Maundrell,NC,General Manager,412206,1,729,78,2,425501,3.32,true
Rourke,Dobbinson,NM,Financial Advisor,28474,17,579,74,2,223821,2.86,true
Caron,Beeswing,OK,Safety Technician IV,312795,4,542,25,1,276733,3.73,false
Gibb,Rodenburgh,TX,Director of Sales,337414,12,526,31,2,238635,2.51,true
Arch,Tithacott,OH,Paralegal,59485,1,387,76,1,178796,2.8,false
Coralyn,Tillman,NY,Compensation Analyst,514732,18,553,62,1,479158,3.23,false
Fara,Swainger,TX,Human Resources Assistant IV,562990,9,724,46,1,311856,3.76,true
Kalil,Chritchlow,CA,Physical Therapy Assistant,394755,11,337,62,1,252410,2.75,true
Annalee,Limrick,VA,Accountant II,360361,22,582,24,1,348527,2.87,false
Barnabas,Smithson,MN,Senior Financial Analyst,527769,25,576,82,2,106036,3.23,true
Erminia,Grayshon,AZ,Senior Sales Associate,455126,23,419,44,2,437349,3.54,false
Jessey,Lardiner,GA,Graphic Designer,35110,15,777,75,1,447632,3.84,true
Carmon,Clawsley,CO,Administrative Assistant I,157418,18,736,37,2,229245,3.44,false
Alyssa,Wallen,WI,Recruiter,196558,19,456,24,1,135678,3.62,true
Rory,Burbudge,LA,Research Nurse,563237,17,392,31,1,349813,2.83,false
Melba,Trobey,TN,Research Associate,382960,5,678,54,2,145925,2.72,true
Arlyn,Philpault,NY,Information Systems Manager,165025,11,566,78,1,62445,3.67,false
Tybie,Hoffman,OH,Senior Cost Accountant,105067,16,815,78,2,150306,3.65,true
Bathsheba,Scrauniage,NV,Senior Editor,485268,19,615,61,2,97324,3.3,true
Gibbie,Sute,TX,Nurse,596752,15,840,28,1,308971,3.27,true
Starr,Laskey,SC,Technical Writer,348386,22,557,47,2,289913,3.28,true
Antonina,Whittier,MI,Project Manager,473516,18,517,73,2,178737,3.14,false
Peyton,Stokes,MI,Environmental Specialist,447989,16,756,90,1,113366,3.09,false
Elias,Learmonth,PA,Business Systems Development Analyst,56177,19,577,49,2,166496,2.8,true
Marina,Agirre,PA,Account Representative III,568644,9,536,44,2,69748,2.54,true
Cassi,Thewless,FL,Senior Developer,414453,8,602,97,1,442727,3.18,false
Thomasina,Costelloe,NY,Business Systems Development Analyst,353449,2,724,18,2,384213,2.91,true
Neda,MacMickan,AZ,Environmental Specialist,478281,8,556,33,1,184238,2.64,false
Iona,Charville,NY,Automation Specialist IV,301221,20,704,89,1,377304,3.79,true
Warren,Sirl,MA,Human Resources Assistant II,558133,9,509,28,2,311912,2.88,true
Margaux,Paragreen,TX,Civil Engineer,427499,6,597,84,2,178653,3.78,false
Asa,Howarth,VA,Geologist IV,459810,21,707,40,1,144573,3.94,true
Caryl,Freda,WV,Media Manager II,302432,23,477,59,1,371347,3.9,false
Neel,Hanmore,NC,Information Systems Manager,22045,3,484,81,2,93093,3.04,true
Tallie,Santon,DC,Computer Systems Analyst II,257272,11,687,18,2,73353,3.36,false
Barbee,Kasper,MN,General Manager,447129,2,411,64,2,433973,3.1,false
Hadrian,Vidineev,CA,Internal Auditor,593547,15,620,96,1,482073,2.66,true
Gussy,Tunnicliff,TN,Pharmacist,471827,2,609,85,1,98252,2.87,true
Janifer,Relf,CA,Legal Assistant,294565,11,357,64,2,327942,2.9,false
Dorena,Schooley,TX,VP Marketing,116485,20,431,85,1,168709,3.98,false
Aylmer,Shoobridge,NY,Help Desk Operator,112529,5,485,94,1,486490,3.14,false
Cheslie,Tickner,TX,Research Associate,57704,18,758,67,2,219253,2.56,false
Lotty,Norcliffe,VA,Cost Accountant,514595,19,844,49,2,100171,3.06,false
Hunter,Bleakley,AR,Paralegal,460955,1,687,98,1,479717,3.0,false
Lenore,Saffer,NY,Database Administrator IV,147844,6,611,49,2,106122,3.77,false
Ritchie,Hansod,LA,Engineer I,180471,10,628,85,1,178904,3.2,false
Harris,Folder,PA,Accountant II,378238,7,723,59,2,331968,2.92,false
Iormina,Gavrielli,TX,Speech Pathologist,125458,23,560,45,2,139032,2.65,true
Minda,Redan,NY,Analyst Programmer,584507,25,818,32,2,355508,3.55,false
Cart,Stanfield,CO,Senior Cost Accountant,89307,24,630,19,2,469373,2.85,false
Dolph,Worswick,TX,Software Engineer III,533746,4,313,56,2,468214,3.39,false
Gianina,Reeman,NY,Accounting Assistant I,573140,2,740,23,1,384225,3.22,false
Katharine,Holtum,TX,Compensation Analyst,288640,4,762,48,2,315527,3.35,false
Crissie,Sibley,CA,Help Desk Operator,223095,25,307,63,2,355142,3.92,true
Carmine,Vedenichev,CA,Quality Engineer,117027,13,427,75,1,280162,3.03,true
Leigh,Rieger,NE,Financial Advisor,296909,5,447,75,1,289254,2.66,true
Hetty,Winfindine,IL,Staff Scientist,151147,21,705,72,2,258806,3.98,false
Chic,Sitch,CO,VP Sales,391429,7,711,53,1,404560,3.51,false
Prentice,Leftbridge,GA,Programmer Analyst II,407983,5,308,94,1,104249,3.25,false
Aldin,Sutlieff,PA,Quality Control Specialist,120512,21,350,84,1,432655,3.34,false
Gavrielle,Livermore,CA,Nuclear Power Engineer,571457,20,468,91,1,161455,3.71,false
Efren,Capelow,CA,Environmental Specialist,497239,14,747,99,1,433913,3.35,false
Winny,Acomb,VA,Office Assistant IV,90101,12,517,33,2,423691,2.61,false
Penrod,McIlvenna,KY,Social Worker,573110,15,795,22,2,331734,3.14,false
Casie,Kensett,AL,Database Administrator I,107451,11,515,83,2,406105,3.29,true
Marlow,Bulstrode,CA,Research Nurse,519498,11,541,45,2,199035,3.6,false
Lissa,Fellis,UT,Nurse,196655,21,773,56,1,438578,3.63,true
Marie-jeanne,Rowberry,PA,Quality Control Specialist,512152,21,796,69,2,229896,2.76,true
Brien,Merrikin,NC,Software Engineer I,141592,14,829,53,2,409900,3.97,true
Denny,Stutt,AR,Statistician III,439405,17,487,27,1,442324,3.05,false
Akim,Fouracre,CA,Community Outreach Specialist,74722,1,708,26,2,88234,3.29,false
Nanette,Devanney,AR,Senior Financial Analyst,541231,23,505,97,2,426965,2.84,true
Aundrea,Lindenbluth,GA,Internal Auditor,54643,3,305,95,2,354041,3.43,false
Hazel,Desporte,SC,Programmer Analyst III,58791,10,591,38,1,89363,3.83,true
Krispin,Pullinger,IL,Operator,296304,16,850,40,1,460185,2.53,false
Car,Gamwell,AL,Office Assistant III,338960,13,635,81,1,415113,3.87,true
Zane,Gooderson,KY,Account Executive,159359,15,582,63,1,155549,2.98,false
Ardenia,Hutchison,OH,Office Assistant III,397863,24,564,19,1,404745,3.9,false
Waylon,Crinidge,KY,Quality Control Specialist,139167,5,404,76,1,402093,3.04,true
Arabella,Yukhin,IL,Junior Executive,377147,4,361,82,1,225945,3.8,true
Corene,Farrant,TX,Senior Developer,35648,3,700,75,1,114785,3.91,false
Filip,Scading,KY,Senior Editor,244343,8,512,45,1,401047,2.81,true
Tallie,Pachta,WA,Financial Analyst,332130,10,487,88,2,426231,3.47,false
Selena,Pattrick,AK,Automation Specialist I,447445,16,493,32,2,264986,2.78,true
Emmit,Dakin,NV,Food Chemist,255049,24,673,35,1,409390,3.01,false
Quinlan,Stonbridge,IL,Quality Control Specialist,318361,18,363,57,2,215505,3.94,true
Sheila-kathryn,Stores,NM,Professor,181520,14,543,64,1,216048,3.33,true
Lisa,Ovitz,CT,Actuary,152308,24,689,78,2,474153,2.71,false
Jemmy,Lancashire,MO,Sales Representative,467475,24,601,75,1,196213,3.22,true
Isa,Munnion,VA,Software Test Engineer IV,61219,13,351,66,1,200420,2.95,false
Kettie,Tunn,TX,Office Assistant III,326053,15,512,24,2,315621,2.71,true
Deloria,Higgan,UT,Operator,447389,21,780,65,1,420399,3.01,true
Lilli,Rosi,VA,Product Engineer,87926,14,699,59,1,84313,3.86,false
Dill,Caccavale,TX,Programmer I,541389,6,391,91,2,137605,2.72,false
Else,Buttner,VA,Budget/Accounting Analyst II,270829,11,762,30,1,179901,3.31,false
Mame,Rubury,FL,Financial Advisor,133412,18,735,98,1,173372,3.92,true
Heloise,Cluer,NY,Payment Adjustment Coordinator,205703,22,546,75,2,166456,3.75,false
Rubin,Jessen,DC,Dental Hygienist,257641,3,554,83,2,316525,2.71,true
Annmaria,Robbings,ID,Recruiter,170102,10,702,92,2,219606,3.2,true
Fidela,Noirel,CA,Associate Professor,310933,3,588,62,1,212227,3.28,false
Rafferty,Tawse,CA,Staff Scientist,510675,12,830,91,2,378660,3.28,true
Timmy,Olyonov,NE,Systems Administrator III,557112,3,418,64,2,422890,3.3,false
Stepha,Yerborn,IN,Environmental Tech,124417,14,755,49,2,423382,3.86,false
Jeanelle,Laxson,TX,Pharmacist,541606,11,475,47,1,313258,3.16,false
Olva,Baterip,FL,VP Marketing,100891,7,826,35,2,463860,2.7,true
Marietta,O'Murtagh,MN,Professor,520026,11,619,100,2,54128,3.22,false
Timotheus,Weddell,PA,Environmental Tech,102876,12,641,96,2,347652,2.92,false
Gerick,Stile,OH,Nuclear Power Engineer,113903,14,587,47,1,298068,3.43,true
Gaylor,Tranmer,IL,Systems Administrator II,139430,14,694,90,1,265147,3.88,false
Rainer,Kilshaw,GA,Biostatistician II,151068,15,774,32,1,104597,3.88,true
Adaline,Dugget,WI,Assistant Manager,258941,11,713,36,2,101375,3.76,true
Wanda,Burroughes,MN,Senior Sales Associate,562323,14,715,20,1,305377,3.12,true
Adriane,Crane,TX,Help Desk Technician,158345,20,733,49,1,132092,2.86,false
Chrisse,Collete,OH,Analog Circuit Design manager,369376,10,757,62,2,368511,4.0,true
Rick,Postles,MT,Sales Associate,593329,6,502,91,1,398952,2.52,false
Paulina,Fildery,HI,Computer Systems Analyst I,497897,24,601,91,1,172351,2.96,false
Stephanus,Cammell,CA,Database Administrator I,395256,19,430,64,1,470349,3.73,false
Kalina,Brigge,FL,Marketing Manager,452921,1,419,40,1,288139,3.24,false
Lynnelle,Kings,PA,Database Administrator I,566646,10,820,57,2,251243,3.76,false
Rose,Heathcote,AZ,Software Test Engineer III,552903,10,568,42,1,241810,3.14,true
Cleveland,McCarter,OH,Technical Writer,553351,7,681,67,2,58570,3.04,true
Maud,Habercham,OH,Sales Representative,427715,4,319,100,1,362835,3.72,true
Elora,Hehir,FL,Chief Design Engineer,529191,10,629,56,2,432267,2.99,false
Richard,Lamond,NC,VP Sales,98347,16,695,75,2,193693,3.45,true
Westley,Andrzej,FL,Compensation Analyst,478095,14,718,66,1,209211,3.42,false
Whitaker,Mechan,CO,Compensation Analyst,562791,4,810,30,1,421667,3.51,false
Christalle,Backs,AL,VP Quality Control,222125,15,420,92,1,372376,3.9,true
Dino,Kealey,FL,Developer III,335937,22,787,62,1,291344,3.24,false
Earvin,Winwood,MO,Health Coach IV,32438,22,615,51,2,305707,3.54,true
Tiffani,Kadwallider,IN,Geological Engineer,267876,2,765,61,1,496377,3.45,true
Charo,Scates,NC,Structural Analysis Engineer,291426,7,488,27,1,313111,3.52,true
Dermot,Argyle,CA,Systems Administrator IV,412536,17,651,53,1,211878,3.51,false
Helenka,Stourton,OR,VP Quality Control,141948,6,654,73,1,298122,3.66,true
Fanya,Rawles,MS,Analyst Programmer,157185,2,514,85,1,246829,3.15,true
Les,Dwyr,NY,Account Representative I,447469,13,725,72,1,154542,2.53,true
Maighdiln,Sambrok,MA,VP Marketing,515177,11,319,57,2,491628,3.31,false
Inglebert,MacAughtrie,OK,Editor,191832,19,441,60,2,437296,3.07,true
Dudley,Milsom,MT,Biostatistician IV,399665,20,519,51,2,295642,2.93,true
Giff,Ochterlony,DC,Data Coordiator,410730,11,593,55,1,253208,2.74,true
Aile,Berget,TX,Tax Accountant,561045,4,667,42,2,444092,2.8,true
Juan,Belch,CA,General Manager,487692,7,468,70,1,444937,2.67,false
Red,Sute,NM,Biostatistician II,501863,4,804,85,1,360716,2.76,false
Judon,Cardenas,OK,Human Resources Manager,592027,1,846,30,1,412555,3.16,true
Kettie,Bogace,WA,Food Chemist,46831,5,600,65,2,57288,3.67,true
Ryann,Colvie,NH,Analog Circuit Design manager,246506,6,515,89,1,230180,2.98,true
Celie,Worters,KS,Junior Executive,213057,4,472,58,2,468907,2.92,true
Chet,Olligan,NY,Occupational Therapist,498929,4,494,36,1,138772,2.56,false
Holden,Teliga,DC,Staff Accountant I,224851,17,789,39,1,437911,3.72,true
Moise,Kettlestringe,CA,Office Assistant I,184767,6,449,48,2,190010,2.77,false
Shurlock,Gahan,FL,Nuclear Power Engineer,490751,19,343,82,2,334398,3.56,false
Griffy,Clarage,AZ,Associate Professor,454630,10,505,95,2,325163,3.35,false
Julian,De-Ville,GA,Analyst Programmer,88018,25,716,40,1,64191,3.36,false
Candis,Topp,CA,Developer II,455005,25,729,52,2,486242,2.95,false
Katharine,Lindop,CA,Physical Therapy Assistant,494177,8,476,76,2,476313,2.85,false
Russ,Craigmyle,SD,Graphic Designer,552843,1,809,21,1,463185,2.6,true
Brok,Mullins,CA,Help Desk Technician,271316,11,322,93,2,343220,3.54,false
Nonah,Franceschino,TX,Marketing Assistant,255915,19,491,43,2,353254,3.93,true
Ode,MacKissack,TX,Analog Circuit Design manager,140162,10,323,93,1,260639,3.79,true
Major,Legerwood,AZ,Geologist III,441561,11,349,82,2,444578,2.66,false
Petronilla,Franzonello,MO,Research Associate,245923,22,367,44,1,433717,3.99,false
Angelina,Soall,CA,Geological Engineer,259948,3,355,95,2,125027,3.4,false
Byrom,Batram,DC,Registered Nurse,181719,10,442,81,2,279697,2.6,true
Sherri,Chanders,PA,Staff Accountant I,41496,16,455,60,1,287300,3.63,false
Ailene,Jozsa,LA,Nurse Practicioner,149753,18,566,60,1,272939,3.22,false
Hamel,Tiffney,CA,GIS Technical Architect,287599,21,381,54,2,401011,3.28,true
Putnem,Kershow,FL,Internal Auditor,455727,18,687,41,1,469043,2.62,true
Demetris,Mouat,IA,VP Marketing,331414,15,349,60,1,99963,2.95,true
Skelly,Rodden,MO,Information Systems Manager,256951,12,512,44,1,241345,3.49,true
Caresa,Marnane,CA,Data Coordiator,286837,24,803,65,1,133912,3.33,true
Townsend,Newlyn,IL,Biostatistician III,571202,15,569,46,1,342085,2.65,true
Daffy,Tingcomb,KS,Speech Pathologist,245547,9,629,79,1,110332,3.82,true
Iver,Willas,FL,Developer IV,180351,12,675,59,2,350208,3.63,false
Eadmund,Robson,NY,Web Designer II,278829,13,805,90,2,114677,3.54,true
Elyn,Babidge,HI,Graphic Designer,94018,25,833,91,2,122162,3.28,false
Willamina,Scottesmoor,CA,Chief Design Engineer,421915,2,837,61,1,250884,2.59,false
Giulietta,Luscott,PA,Geologist III,555966,17,780,63,1,332538,3.27,true
Felisha,Colliar,TX,Social Worker,338279,11,806,26,1,123636,3.26,false
Giorgi,Penticost,TX,Web Developer III,421959,24,814,18,2,56841,3.67,true
Herculie,Minghella,CA,Junior Executive,363450,7,504,80,1,234964,3.31,false
Chlo,Wippermann,CA,GIS Technical Architect,164773,6,305,66,2,468015,3.97,false
Mischa,Bott,TX,Structural Engineer,359399,7,336,20,2,203936,3.79,false
Riordan,Dadson,NC,Associate Professor,126083,5,784,45,1,406301,3.27,false
Lyn,Comsty,VA,Graphic Designer,452722,16,387,73,1,363975,3.16,true
Heath,Morritt,VA,Nurse Practicioner,220820,1,342,42,1,463807,3.18,true
Alfonse,Hawkeswood,CA,Desktop Support Technician,464220,22,509,41,1,63053,3.9,true
Maryanne,McCallam,FL,Librarian,53472,20,334,47,1,431184,2.94,false
Raimundo,Randleson,FL,Automation Specialist III,264901,17,593,20,2,233540,3.28,true
Stewart,Vidgen,FL,Sales Associate,309898,20,354,70,1,438995,3.28,true
Ronalda,Readhead,OH,VP Quality Control,538340,15,838,93,1,239455,2.9,false
Leonard,Tancock,DE,Tax Accountant,588674,10,448,52,2,205990,3.61,true
Harv,Kilshall,TX,Account Representative III,502476,1,330,51,2,413698,2.67,true
Cullan,Espinal,HI,Financial Advisor,254441,4,596,70,1,170300,3.4,false
Myrvyn,Brims,MO,Compensation Analyst,406264,2,325,60,2,327988,3.22,false
Jake,Quarlis,VA,Electrical Engineer,177617,25,660,77,2,448494,3.53,true
Gal,Maggiori,VA,Administrative Assistant II,501024,2,828,43,1,401682,3.47,false
Kennett,Drohan,NY,Software Engineer II,428839,17,746,39,2,367327,3.72,false
Carmelia,Fenix,NY,Senior Developer,40347,20,696,71,2,358400,3.16,false
Adham,Ead,VA,Marketing Manager,113503,9,545,30,1,303730,2.8,false
Fran,Revance,IL,VP Sales,553441,5,432,99,1,153254,3.3,false
Denys,Macellar,MN,Help Desk Technician,64608,24,357,73,1,154545,2.52,true
Kath,Ambler,TX,Chemical Engineer,359466,16,764,60,1,166998,3.73,false
Lesley,Arter,LA,Community Outreach Specialist,452632,7,328,94,1,169310,3.38,true
Kordula,Geri,DC,Project Manager,488876,5,563,40,2,310352,3.06,true
Oswald,Folling,TX,Environmental Tech,391042,9,838,23,2,286068,3.1,true
Kellsie,Kesley,AK,Librarian,441285,21,484,53,2,339894,3.12,false
Mag,Conford,DC,Clinical Specialist,544635,2,793,43,1,403051,3.54,false
Gaile,McWilliam,TX,Design Engineer,484668,19,363,33,1,285846,3.59,true
Heidi,Stocking,DC,Technical Writer,328943,6,790,63,2,278669,2.84,true
Mahmoud,Bachs,MD,Community Outreach Specialist,353061,14,647,43,2,137929,3.59,false
Piper,Quixley,FL,Administrative Officer,132803,9,580,99,1,202435,2.58,false
Sapphira,Tosh,MI,Graphic Designer,40619,1,411,75,1,65447,3.66,false
Candida,Pavlenko,TX,Staff Accountant IV,41321,10,531,44,1,85534,2.9,false
Dilan,Cypler,PA,Business Systems Development Analyst,438849,5,427,24,2,126255,3.5,false
Auberta,Kirkup,MI,Clinical Specialist,375741,17,527,81,2,167007,3.94,false
Gertruda,Cretney,OR,Tax Accountant,428190,6,710,21,1,400558,2.55,false
Yolane,Capstake,IL,Geologist III,339621,19,317,71,2,329863,3.32,true
Jenica,Bayne,MN,Registered Nurse,535009,6,407,41,2,410461,2.98,false
Rochelle,Stamp,MI,Director of Sales,175481,22,631,50,2,471510,3.2,true
Doralynn,Rennard,NY,Office Assistant I,202816,11,330,94,2,247783,2.91,true
Marje,Mulholland,OH,Analyst Programmer,57423,23,416,74,2,477776,3.73,false
Charlotta,Bengtsen,WV,Engineer IV,164820,21,449,37,1,215547,3.06,false
Dru,Oxley,KS,Senior Editor,520145,23,488,21,2,279505,3.27,false
Skipper,Gorhardt,PA,Cost Accountant,435741,9,739,33,1,210476,2.65,false
Lucas,Gingedale,MI,Senior Quality Engineer,445570,19,591,69,1,269346,2.93,true
Calla,Forbear,OH,VP Quality Control,356579,16,497,67,2,456877,3.22,true
Georgia,Vairow,MD,Quality Control Specialist,416486,15,692,87,1,85767,3.1,false
Gwendolin,Cockshutt,VA,Actuary,57721,20,579,39,1,63944,3.65,true
Marlo,Abelevitz,SC,Research Nurse,407182,20,465,25,2,422679,3.11,false
Lauryn,Lutas,IN,Senior Quality Engineer,190399,19,672,84,1,352949,3.42,false
Marya,Bernuzzi,AK,Sales Associate,570951,5,375,100,1,89873,3.31,true
Lilias,Tripony,CO,Internal Auditor,103770,16,812,44,1,473350,3.65,false
Wallis,Vauls,AR,Staff Scientist,515893,22,476,34,1,254908,2.91,false
Rosie,Weed,TX,Engineer II,388320,22,313,36,1,297168,3.3,true
Augy,Vango,VA,General Manager,386307,17,396,78,2,128560,3.67,true
Gussy,Molan,FL,Accountant III,240401,15,517,27,1,434633,3.72,false
Pacorro,Tunuy,NY,Clinical Specialist,499007,5,663,35,2,79111,3.94,false
Niki,Ruffell,FL,Environmental Tech,173698,2,639,89,1,121528,3.96,true
Daniela,Reinert,AL,VP Product Management,21975,3,725,62,2,64449,2.81,false
Donnell,Tuckey,GA,Nurse Practicioner,168115,13,356,42,2,127242,3.68,false
Keriann,Fyfield,NY,Pharmacist,287196,18,523,54,2,348337,3.84,true
Berny,Bengough,OH,Editor,218543,21,830,94,1,455416,3.42,false
Maryjane,Belfrage,NV,Desktop Support Technician,327579,19,413,84,1,339404,3.26,true
Siffre,Blythe,TX,Actuary,346443,3,514,64,1,358985,3.75,true
Lynelle,Loody,TX,Senior Editor,209191,3,346,68,1,486883,3.93,true
Marty,Randerson,FL,Speech Pathologist,596521,10,430,100,1,173558,3.34,true
Andria,Coit,TN,Database Administrator III,516532,16,333,81,1,453259,2.98,false
Bevin,Mawby,TX,Help Desk Technician,480798,5,615,97,2,407904,3.3,false
Dari,Shillaker,HI,Internal Auditor,227423,22,835,31,2,298936,2.57,true
Ursa,Noakes,CT,Design Engineer,410470,9,433,50,2,404562,3.95,false
Essie,Brophy,MD,Community Outreach Specialist,197257,22,679,28,1,264455,2.67,true
Alice,Goaks,NE,Account Executive,377618,15,334,34,2,94139,3.53,false
Oliy,Dressel,NY,Associate Professor,410192,14,313,72,1,188823,3.64,false
Kort,Mackerness,IN,Sales Representative,354023,25,597,65,2,478398,3.37,false
Rhianna,Kobu,TX,Assistant Manager,175805,19,445,74,1,177845,3.1,false
Isabelle,Gosling,IL,Software Test Engineer II,44419,23,832,44,1,78501,3.42,false
Katrinka,Jeremaes,SC,Paralegal,293479,24,676,63,2,395695,3.58,false
Wilmer,Quarmby,CT,Web Designer III,376479,20,730,20,2,389734,2.74,false
Hyacinthie,Hodge,KY,Senior Quality Engineer,476558,15,464,74,1,311896,2.88,false
Elset,Pessler,NY,Web Developer II,40797,17,541,24,2,213295,3.61,true
Nani,Mattschas,FL,Assistant Manager,587561,14,419,99,1,409772,3.7,false
Brien,Kalvin,CA,Nurse,293988,17,759,88,1,66298,3.32,false
Cristy,Doncaster,ID,Editor,43642,2,354,45,2,320066,3.85,true
Damien,Pretsell,TX,Administrative Assistant III,264952,12,417,47,1,393000,2.82,true
Rodolphe,Kerner,AL,Nuclear Power Engineer,466551,9,495,67,1,126198,2.55,false
Chryste,Lighton,MI,Marketing Manager,420706,22,409,93,1,89035,3.14,false
Barnabas,Dugdale,FL,Environmental Tech,237449,17,472,20,2,161140,2.99,true
Barnard,Yesichev,PA,Librarian,576311,25,639,99,2,344730,3.66,true
Burgess,Law,DC,Analog Circuit Design manager,129663,16,452,48,1,194613,3.46,true
Annora,Girton,LA,Help Desk Operator,456747,14,654,84,1,210428,2.83,false
Barthel,Dobbison,AZ,Database Administrator III,537779,1,457,18,2,388491,2.88,true
Sophi,Brouwer,FL,Staff Accountant II,148776,12,400,32,1,66536,3.28,true
Jan,Gregol,NV,Senior Cost Accountant,288657,4,589,82,2,76596,3.58,false
Jorge,Trubshawe,VA,Analog Circuit Design manager,113036,16,726,32,2,386172,2.68,true
Cilka,Kachel,AZ,Administrative Officer,62771,10,571,79,1,147412,3.24,true
Flemming,Cawston,GA,Geologist III,215540,6,711,73,1,127444,2.79,false
Lotti,Keers,FL,Electrical Engineer,238269,18,695,79,2,444536,3.92,true
Judye,De Roeck,CA,Programmer Analyst IV,507121,13,330,28,2,59843,3.52,true
Malachi,Dungate,FL,Programmer IV,212042,17,624,80,1,475058,3.3,false
Gloria,Hartas,TN,Data Coordiator,34886,23,302,31,2,365556,3.58,false
Jolyn,McParland,NM,Chemical Engineer,469509,4,618,70,1,482095,2.98,false
Chicky,Hurrion,NY,Administrative Officer,429272,14,820,89,1,181600,2.53,false
Joly,Perillo,MA,Quality Engineer,28061,2,761,93,1,178727,3.43,false
Lynn,Cherrison,LA,Help Desk Operator,239416,23,672,50,2,122431,3.06,false
Kristin,Cornilleau,NY,Developer IV,539930,1,553,34,1,243676,3.04,true
Cybill,Pedrol,IA,Automation Specialist III,83498,7,615,25,2,340968,3.08,true
Gabbie,Khrishtafovich,MN,VP Quality Control,193680,23,565,92,2,77295,3.14,true
Kat,Erdely,CO,Safety Technician IV,61242,3,784,24,1,307745,2.51,false
Sheffie,Dore,FL,Research Associate,594706,17,361,48,2,129759,3.5,true
Scarlet,Happert,MA,Assistant Manager,266710,15,581,32,1,301805,2.72,false
Nananne,Sante,GA,Business Systems Development Analyst,61170,13,836,45,1,170782,2.76,true
Dotti,Glossop,UT,Nurse Practicioner,450714,9,757,34,1,142059,2.92,false
Damon,Steinor,KY,Product Engineer,109945,11,374,48,1,458976,3.29,false
Nahum,Faragan,TX,Payment Adjustment Coordinator,275006,11,409,51,2,347847,3.6,true
Agretha,Scholtz,AZ,Professor,300965,6,665,75,1,164902,2.92,false
Matthieu,Merriday,NY,Senior Quality Engineer,92441,9,539,31,2,50186,2.54,false
Aurora,Quan,FL,Physical Therapy Assistant,425168,25,760,19,1,324727,3.56,true
Ernest,Bolger,VA,VP Marketing,115454,14,384,79,2,258536,2.77,false
Marcus,Gerritsma,NC,Sales Associate,482632,14,504,89,2,187612,3.17,false
Nester,Baudone,TN,Structural Engineer,255816,16,391,99,2,102712,3.38,false
Walsh,Tafani,DC,Internal Auditor,351846,12,762,76,1,257767,3.61,false
Norri,De Benedictis,MO,Executive Secretary,30507,11,504,44,2,452172,3.27,true
Tamas,Weatherup,CA,Biostatistician I,111210,6,705,89,1,367654,2.77,false
Quint,Folke,FL,Civil Engineer,441398,17,799,42,1,494583,2.74,false
Mirabel,Comley,IL,Health Coach I,144626,21,315,55,1,80888,3.99,true
Francoise,Child,IL,Professor,539273,19,446,59,2,276498,3.74,false
Danila,Tinner,OK,Engineer IV,81650,21,820,28,1,206073,3.51,true
Cthrine,Birkmyr,SC,General Manager,84747,5,502,73,1,146038,3.16,false
Gayel,Molfino,CA,Accountant I,353917,16,558,55,2,299172,2.95,true
Celia,Lyttle,TX,Senior Financial Analyst,437803,17,377,41,1,77459,3.87,false
Vinni,Blakeslee,CA,Administrative Officer,25477,19,781,26,1,344017,3.15,false
Antonius,Domange,UT,Nuclear Power Engineer,433974,7,423,58,2,150344,2.96,false
Sella,Rotham,UT,Biostatistician I,476219,25,681,24,1,329069,2.86,true
Tomi,Malinson,TX,Analog Circuit Design manager,396288,19,530,82,1,457382,3.81,true
Dar,Fereday,CA,Cost Accountant,393086,1,352,79,1,495930,2.84,false
Verla,Loveland,CA,Civil Engineer,248652,15,410,32,1,156737,2.66,false
Audrey,Lias,TN,Financial Analyst,516987,1,309,77,2,445748,3.98,true
Sarena,O'Connell,MA,Software Engineer III,291103,17,594,60,2,78528,2.66,false
Alonzo,Savine,LA,Marketing Assistant,372765,18,821,100,1,203340,3.9,false
Henri,Ascroft,OH,Pharmacist,205671,22,477,35,1,119970,3.89,true
Rosamund,Livezey,WA,Help Desk Operator,201052,4,725,97,2,243651,3.91,true
Eimile,Durdy,CA,Nurse,351961,2,842,24,1,74814,3.44,false
Philis,Fairlaw,PA,Technical Writer,575190,10,811,63,1,237329,2.66,true
Lolly,Spary,TX,Database Administrator III,577939,6,716,49,1,170425,2.97,false
Leigh,Colls,MO,Assistant Manager,287238,4,514,98,1,280104,3.26,false
Gretal,Matuszewski,CT,Environmental Specialist,78868,8,394,54,2,54011,3.89,false
Evelina,Machel,TX,Cost Accountant,372582,17,332,92,1,420279,2.69,false
Alia,Walbrun,GA,Clinical Specialist,431141,4,576,62,1,319686,3.74,false
Ashley,Wragge,IN,Human Resources Assistant IV,287012,22,379,19,1,355019,2.72,true
Gene,Massei,OK,Payment Adjustment Coordinator,78970,15,614,19,1,155721,2.57,false
Delainey,Tasseler,CA,Structural Engineer,472323,19,480,99,1,236981,3.3,true
Kristyn,Camacke,MO,Environmental Tech,216401,3,782,82,1,157173,3.29,false
Noemi,Druhan,OH,Recruiting Manager,163730,11,653,27,1,400053,3.52,true
Harlen,Fayter,CA,Payment Adjustment Coordinator,480766,22,394,79,2,409985,3.43,false
Melessa,Inwood,OH,Project Manager,147855,9,848,31,1,133064,3.37,false
Alexi,Pachmann,IL,Human Resources Manager,146791,11,778,76,2,112417,2.96,true
Phyllys,Axtonne,NE,Senior Developer,523878,24,655,30,1,92120,3.58,false
Fee,Chastang,TX,Graphic Designer,564502,3,312,66,2,72021,2.77,false
Maury,Vedstra,WI,Senior Financial Analyst,544213,21,443,22,1,53141,2.91,false
Chiquia,Benoist,MN,Recruiter,75539,25,339,38,2,268991,3.89,true
Rutherford,Sanson,OR,Clinical Specialist,47464,19,350,90,1,84112,3.0,true
Teodorico,Reardon,SC,Recruiting Manager,131489,23,318,99,2,82991,3.11,false
Carmelia,Culy,IN,Internal Auditor,34270,20,427,81,1,53885,3.46,false
Isabella,Woodburne,DC,Project Manager,107055,24,785,20,1,228278,3.91,true
Anselm,Rushton,CA,Engineer I,405791,19,448,93,2,272844,3.71,true
Harrie,Locarno,TX,Recruiting Manager,584977,23,830,81,2,272535,2.72,false
Saw,O'Deoran,NC,Database Administrator III,198599,17,764,29,2,242150,2.89,true
Eimile,Domenicone,OH,Operator,554006,4,582,43,2,271569,3.84,true
Jocko,Kohneke,SC,Biostatistician II,455101,15,407,99,2,435854,3.71,false
Kristofer,Bruford,NV,Recruiter,115294,17,611,62,2,81389,2.53,true
Hamilton,Pipe,CO,Actuary,421763,25,741,58,2,245763,3.18,false
Chen,Simon,MO,Information Systems Manager,139915,23,620,27,1,416332,3.92,true
Enrica,Arnke,KY,Community Outreach Specialist,337388,14,615,19,1,93215,3.38,false
Max,Machan,TX,Compensation Analyst,47645,21,450,29,1,287640,3.22,false
Reg,Maleney,FL,Structural Engineer,256813,11,712,60,2,453690,3.67,true
Farly,Conibeer,CA,GIS Technical Architect,69555,24,672,64,2,290203,2.93,true
Kort,Port,WV,Senior Quality Engineer,507145,7,810,56,1,70764,3.21,false
Ollie,Iannitti,DE,Human Resources Manager,502624,7,694,43,1,490803,3.35,true
Sophey,Ginner,CO,Marketing Manager,329886,19,466,62,2,373365,2.83,true
Brear,Cosstick,MD,Product Engineer,419487,12,695,96,2,484064,3.78,false
Theresa,Clewley,FL,Marketing Manager,444213,7,449,66,1,427326,3.77,false
Guntar,Polet,IL,Financial Analyst,444867,23,497,90,2,490395,3.31,true
Maren,Hinners,WV,Statistician II,221857,17,604,100,2,423863,3.05,false
Josi,Dallon,MO,Quality Engineer,205541,5,849,91,1,280929,2.69,true
Dicky,Arnopp,TX,Budget/Accounting Analyst I,570723,18,591,84,2,278982,2.95,false
Demetri,Dwelling,CA,Web Designer III,131147,15,484,55,1,417847,2.5,false
Wainwright,Lounds,UT,Payment Adjustment Coordinator,226963,8,368,20,1,338426,3.53,true
Dominic,Tennewell,PA,Product Engineer,378369,25,708,43,2,161352,3.53,false
Nikolaos,Hauxwell,CA,Automation Specialist I,247831,19,335,67,1,315609,3.49,false
Joaquin,Golley,CA,Software Test Engineer II,172731,23,439,38,2,450547,3.74,false
Maury,Fellowes,MN,VP Marketing,418976,1,329,90,1,439455,3.18,false
Ephrayim,MacCague,SC,Dental Hygienist,312340,14,650,68,2,97000,3.31,true
Ely,Wyleman,NY,Software Consultant,285588,8,542,59,2,70023,3.82,true
Jimmy,Wellbelove,WI,Structural Engineer,96311,25,679,44,2,473365,3.1,false
Sibella,Venner,NY,Research Associate,421792,22,688,37,2,179947,3.01,false
Kin,Houldin,NY,Senior Financial Analyst,99913,5,471,57,1,278330,3.52,true
Betsey,Hasnney,CT,Mechanical Systems Engineer,186475,25,718,84,2,348403,3.51,true
Janka,MacNeill,CA,Executive Secretary,585724,23,404,22,2,316972,2.77,true
Seline,McNab,CO,VP Marketing,197079,11,621,47,1,119564,3.61,true
Moina,Izard,CA,Chief Design Engineer,273593,21,571,65,2,58113,3.52,false
Rowen,Wenderoth,VA,Community Outreach Specialist,427884,3,453,29,2,120306,3.42,false
Siward,Lermouth,TN,Physical Therapy Assistant,232402,19,488,89,2,467760,2.56,true
Cristina,Siemons,MN,Executive Secretary,114465,15,477,30,2,142227,3.92,false
Dorry,Pearlman,DC,VP Sales,126447,8,676,51,2,92899,2.95,true
Eleanor,Warbys,FL,Structural Analysis Engineer,175447,13,401,44,2,89062,3.19,false
Westbrooke,Fieldstone,TX,Help Desk Technician,246754,19,798,91,2,65377,2.62,false
Harley,Ewbanks,AL,VP Marketing,150968,17,331,31,2,81722,2.76,true
Tadeo,Plitz,NE,Mechanical Systems Engineer,122277,23,367,46,2,428366,2.67,false
Warren,Chettoe,MS,Engineer I,161078,3,534,58,1,172830,3.15,true
Randy,Marjanski,LA,Operator,298535,5,472,94,2,66114,2.75,true
Terrye,Screase,NY,Associate Professor,148830,16,341,75,1,94120,3.39,false
Merrily,Galle,AL,VP Marketing,449790,8,381,23,2,429351,3.31,false
Alis,Deverall,AL,Structural Engineer,142587,6,396,36,2,125583,3.44,true
Kate,Coyish,FL,Structural Engineer,379452,9,736,33,2,324023,3.78,false
Bancroft,Llewelly,FL,Electrical Engineer,354415,7,442,64,2,398571,3.17,false
Frederich,Cockney,GA,Developer II,560083,9,563,90,1,206851,2.61,false
Yank,Pirdue,NY,Engineer I,142798,10,329,37,1,293210,2.7,true
Lorin,Elfes,IL,Civil Engineer,142291,7,366,82,2,150464,3.66,true
Corinne,Stanyan,GA,Software Engineer IV,566913,14,546,79,2,249026,3.42,false
John,Fishpoole,CO,Product Engineer,583689,10,810,86,1,481786,3.22,false
Bambi,Schonfeld,WA,Assistant Media Planner,505807,9,489,79,2,459751,3.08,true
Brook,Knevit,DC,Technical Writer,479714,18,732,55,2,73690,2.59,true
Adriaens,Kleinfeld,CA,Marketing Manager,350013,16,617,25,2,243635,3.62,false
Titus,Budding,NV,Compensation Analyst,104246,3,683,92,1,379405,2.54,false
Danny,Beecheno,CO,Design Engineer,94504,17,624,62,2,260105,3.01,true
Tracie,Petyakov,IL,Senior Sales Associate,81285,15,331,86,2,400941,2.9,false
Rianon,Seth,CT,Statistician III,568087,20,372,98,1,286298,2.53,false
Roselia,Somerton,TN,VP Marketing,375532,19,460,85,2,179345,3.42,false
Ethan,Chinn,CA,Graphic Designer,468043,15,727,89,1,325087,2.81,true
Truda,Pauletti,OH,Librarian,40017,1,713,18,1,193670,3.88,false
Kelley,Huccaby,VA,Computer Systems Analyst II,174162,18,583,83,1,268014,3.51,true
Annaliese,Izachik,FL,Help Desk Technician,177962,1,632,82,2,132447,3.96,true
Fleurette,Glauber,PA,Graphic Designer,184719,15,782,74,1,186428,3.82,true
Turner,Ablitt,FL,Structural Analysis Engineer,141027,22,466,72,1,409529,3.45,false
Brittney,Drayn,IL,Technical Writer,406338,6,773,53,1,379138,3.14,false
Rennie,Linklet,NC,Human Resources Manager,174960,1,670,60,2,98170,3.74,false
Roma,Darth,NV,Chief Design Engineer,409159,17,504,94,2,490993,3.94,true
Ketti,Brailey,NY,Recruiter,94298,20,413,72,2,157067,3.29,true
Brittney,Swyer-Sexey,AR,Staff Accountant II,488231,16,649,18,1,118949,3.23,false
Giorgia,Berston,NC,Marketing Manager,247439,21,625,46,2,90794,3.3,true
Horatio,Fairbeard,CA,VP Marketing,326437,4,836,74,1,157569,2.54,true
Lynnette,Vispo,NC,Financial Analyst,454799,7,366,66,1,243429,2.52,true
Dacey,Lyness,FL,Account Representative III,263643,9,316,78,2,127981,3.05,false
Phillis,Napoli,PA,Programmer II,62349,16,440,29,1,494176,3.7,false
Conn,Markussen,CA,Occupational Therapist,412119,13,577,70,1,118363,2.86,true
Chris,Greaterex,PA,Clinical Specialist,589715,22,372,95,2,75885,3.44,false
Llywellyn,Glowacki,AR,Quality Control Specialist,178361,8,782,98,1,325830,2.94,false
Chan,Serck,PA,Staff Accountant IV,453249,5,322,65,1,322135,2.63,false
Shelden,Hansill,CA,Actuary,84530,10,567,60,1,228002,2.55,true
Basilio,McCorley,IA,Systems Administrator IV,386638,24,339,92,2,431368,2.66,true
Kacie,Mathou,LA,Budget/Accounting Analyst III,555538,13,325,39,1,199862,2.57,false
Mohandis,Yallowley,OR,Associate Professor,490447,24,454,48,2,337418,3.7,false
Zackariah,Branwhite,TX,Pharmacist,307997,24,591,44,1,477820,2.71,false
Kev,Zanutti,AZ,Design Engineer,484768,8,653,52,2,134323,2.74,false
Cally,Ambroz,MD,Information Systems Manager,255454,19,831,36,1,80314,3.36,true
Faustine,Schooley,DC,Staff Accountant II,147076,6,650,53,2,93809,3.49,true
Felike,Byfield,OH,Assistant Media Planner,105990,22,642,72,2,413621,3.84,false
Jenilee,Cocker,LA,Financial Analyst,416242,14,594,87,2,57456,3.46,false
Clemens,Gosalvez,MA,Staff Accountant III,96518,3,355,65,2,195535,3.73,false
Nancie,Kett,MO,Tax Accountant,97149,9,695,89,2,373132,3.56,true
Hyacinthie,Sapp,FL,Engineer IV,355646,20,481,33,2,267054,2.83,true
Garreth,Minillo,IN,Safety Technician I,411275,9,343,34,2,340865,3.86,true
Koren,Rampley,MI,Food Chemist,66914,7,310,31,1,129118,3.72,true
Valli,Deacon,IL,Cost Accountant,55187,16,439,95,2,152223,2.53,false
Darda,Matysiak,MD,Analyst Programmer,416801,8,302,23,2,277210,3.37,true
Ardith,Jannasch,NM,Quality Engineer,121245,18,527,80,1,74670,3.47,false
Wiatt,McClaren,FL,Research Assistant IV,529122,8,480,41,1,350908,3.11,false
Gratiana,Stoffer,WA,Director of Sales,254543,7,809,48,2,410247,3.37,true
Robbert,Filshin,MA,Nurse Practicioner,356052,6,373,81,2,141679,2.86,false
Becki,Rushton,MD,Operator,599257,25,798,21,1,203454,3.34,true
Baxy,Mattocks,CA,Account Coordinator,583969,4,610,28,1,442577,3.37,true
Desiree,Arrault,MN,GIS Technical Architect,97942,6,772,47,1,350025,3.25,false
Sayers,Scotney,CA,Safety Technician III,68676,11,422,72,1,367220,2.53,true
Catina,Aitken,PA,Accountant IV,357378,15,322,88,1,449768,2.87,false
Murdock,Maclaine,WI,Administrative Officer,418615,1,365,21,2,402161,3.66,false
Leyla,Flockhart,AZ,Sales Representative,223831,15,762,64,2,131288,3.85,true
Mariejeanne,Krout,CA,Developer IV,283263,16,347,36,1,165888,3.53,false
Elisha,Gwilt,CA,Payment Adjustment Coordinator,183954,6,838,65,2,203675,3.37,true
Marietta,O'Spellissey,IA,Programmer IV,519369,4,708,93,1,341889,3.21,false
Clive,Parrin,TX,Media Manager IV,322564,10,766,38,2,412252,3.36,false
Albina,Calway,FL,Community Outreach Specialist,325964,19,511,29,2,265829,3.5,false
Yorke,Stampe,TX,Financial Advisor,535597,23,532,23,1,384436,3.58,true
Twyla,Huckerby,DC,Media Manager II,110185,19,541,56,1,306200,2.86,true
Belicia,de Grey,VA,Engineer I,486224,4,337,54,1,220668,2.56,true
Joly,Wayman,WA,Teacher,154429,9,721,39,1,408435,3.65,false
Nickie,Genty,OK,Technical Writer,277423,1,614,87,2,275309,3.92,true
Enrichetta,Critchell,WA,Editor,412502,21,645,42,2,138785,3.53,false
Chastity,Cranage,TX,Structural Engineer,293106,12,825,21,1,178518,3.7,false
Wyatan,Andrus,PA,Assistant Media Planner,72518,16,630,94,1,170856,2.58,true
Flo,Dumigan,KS,Analog Circuit Design manager,343866,19,603,97,2,284244,2.57,false
Willie,Cockin,VA,Clinical Specialist,436237,19,774,45,1,269048,2.54,false
Konstantine,Elfe,MS,Environmental Specialist,174153,13,604,92,2,89258,3.91,false
Dotti,McCurtain,MA,VP Accounting,560744,21,415,48,1,121851,2.62,false
Hope,Shovelin,TX,Automation Specialist I,582337,5,506,65,2,87508,2.59,false
Jocelyne,Wells,VA,Paralegal,69449,2,565,71,2,150453,3.34,true
Tory,Sybe,TX,Desktop Support Technician,493293,14,767,57,2,383053,3.26,true
Mag,Marmon,NM,Structural Engineer,501588,19,315,29,1,233100,3.74,false
Sayers,MacCawley,GA,Recruiting Manager,85249,23,573,94,1,498525,3.79,false
Siegfried,Lope,GA,VP Product Management,461343,9,757,38,1,229568,2.69,false
Tab,Cardenosa,FL,Occupational Therapist,587160,16,422,27,1,364241,3.6,false
Zachariah,Gero,IN,Human Resources Assistant III,215880,3,444,57,2,214363,3.1,false
Katharyn,Parmby,CA,VP Product Management,180713,1,779,32,2,339435,3.35,true
Ignatius,Gapp,CA,Desktop Support Technician,398243,16,590,31,2,290356,3.5,true
Gavin,Audibert,DC,Research Assistant II,525815,5,554,26,1,123788,4.0,false
Nananne,Daynter,OH,Analog Circuit Design manager,308190,10,464,56,2,146545,3.71,false
Eveline,Lawry,FL,Programmer II,465149,3,848,67,2,472716,3.51,false
Ardelle,Kender,ID,Environmental Specialist,297146,15,602,35,2,106774,2.78,true
Hobey,Dunford,AZ,Chief Design Engineer,82640,13,376,47,1,448657,3.02,false
Skip,Shorter,OH,Senior Editor,467115,6,353,50,2,150097,3.32,false
Martin,Matfield,TX,Internal Auditor,56656,5,743,47,2,322653,3.17,false
Kellen,Doulton,DC,Research Associate,423619,5,568,39,2,445690,3.83,true
Marietta,Fayne,IL,Account Representative I,471185,15,710,29,2,149292,2.8,false
Craig,Dyson,SC,Developer II,82983,21,833,99,2,69017,3.74,true
Wynnie,Janman,CA,Chief Design Engineer,45873,8,531,41,2,335053,3.66,true
Vita,Paybody,LA,Geologist II,409896,21,407,31,2,96391,3.56,true
Christy,Strangward,TX,Staff Scientist,293978,6,577,71,1,184024,3.19,true
Katheryn,D'Hooge,GA,Chemical Engineer,485557,6,535,76,2,192163,3.0,true
Hughie,Walklate,OK,Community Outreach Specialist,495820,6,300,29,2,377976,3.66,true
Constanta,Sizey,TX,Project Manager,50107,24,708,42,1,396744,2.82,false
Caralie,Jurczik,NJ,Senior Editor,456037,7,563,81,2,267103,3.55,true
Mercedes,Hofner,VA,Help Desk Technician,359520,7,418,89,2,473426,2.85,true
Fremont,Sanson,DC,Developer I,178684,20,348,61,1,161869,3.08,false
Hilliard,Gloy,TX,Senior Editor,243394,1,311,80,1,232705,2.81,false
Jeremiah,Bothram,CA,Engineer III,325798,9,780,21,2,483620,3.06,false
Glyn,Danilenko,NY,Recruiter,451562,10,670,79,2,176007,2.59,true
Kiah,Hrynczyk,PA,Media Manager IV,524931,6,765,75,2,138413,2.83,true
Melli,Hedley,OK,Computer Systems Analyst III,26979,8,693,25,2,256170,3.62,true
Mahmoud,Tullett,CA,Nurse Practicioner,530076,8,671,49,2,390730,3.54,true
Roda,Hatter,GA,Staff Accountant IV,136929,10,665,87,1,309273,2.98,true
Selinda,Sharpling,NY,Programmer Analyst III,53475,3,711,58,1,416788,3.55,false
Ad,Sprowles,DC,Professor,326105,4,355,56,2,63270,2.88,false
Viola,Hyndman,FL,Internal Auditor,29153,10,468,81,2,313594,3.97,true
Verna,Langelay,IN,Executive Secretary,47572,12,641,73,2,159990,3.2,true
Natka,Eversley,WV,Compensation Analyst,499724,11,794,53,2,103515,3.37,true
Bjorn,Ganford,VA,Recruiter,51196,16,387,41,1,267417,2.66,false
Bevan,Kermeen,AZ,Software Test Engineer I,471743,12,431,74,2,264683,3.71,true
Consalve,Gibke,NY,Software Engineer I,411155,23,734,43,2,281280,3.97,false
Estel,Creser,FL,Associate Professor,267511,25,670,70,2,438348,3.5,true
Leela,Tomaszewicz,DC,VP Product Management,507148,15,821,48,2,422299,3.51,true
Ebenezer,Michel,IA,Dental Hygienist,209806,3,574,20,1,308306,3.97,true
Abel,Ridger,OH,Sales Representative,589823,1,625,35,1,133561,2.99,false
Chrisse,Manicom,SD,Systems Administrator II,37811,1,525,31,2,274002,2.66,false
Micheline,Coate,NY,Engineer II,109473,9,366,79,1,237451,3.06,false
Goddard,Arenson,MO,Analog Circuit Design manager,224540,24,709,88,1,384329,2.83,false
Eldon,Playford,LA,Teacher,141184,13,702,76,2,263524,3.4,false
Gwendolen,Kardos-Stowe,WV,Geologist I,236794,18,773,96,1,187224,3.82,false
Tandy,Bradnick,TX,Teacher,420640,11,618,68,2,371999,3.15,false
Brok,Pervew,CA,Help Desk Operator,240784,14,529,66,2,251306,3.19,false
Dynah,Ridulfo,CA,VP Accounting,418688,7,403,25,1,289340,2.98,false
Vicki,McGarel,MD,Technical Writer,40435,22,490,26,2,479345,2.88,false
Edin,Chaves,CA,Software Engineer I,520631,8,686,37,2,487856,3.09,false
Stearn,Broxup,PA,Senior Developer,83668,13,655,89,2,159086,2.78,true
Arabel,Smitton,FL,Analyst Programmer,331916,16,649,71,2,367556,2.52,false
Rutherford,Rostern,OH,Dental Hygienist,103510,24,749,35,1,423146,3.23,true
Rosemaria,Layson,AZ,Automation Specialist IV,23136,16,363,99,1,182912,3.99,true
Ardelle,Lorincz,MN,Structural Analysis Engineer,589190,12,325,59,1,83371,3.51,true
Ninnetta,Challis,DC,Programmer Analyst III,232600,18,673,56,1,102022,3.17,true
Gonzales,Skingle,GA,Compensation Analyst,407133,7,453,18,2,248391,2.67,true
Ezekiel,Corradetti,VA,VP Quality Control,241431,8,372,61,1,283987,3.29,true
Eugenie,Mansel,TX,Budget/Accounting Analyst III,206557,14,483,51,2,68216,2.9,true
Alvinia,Dulinty,LA,Marketing Assistant,383789,17,411,73,2,224242,3.95,true
Lorne,Radbone,TN,Computer Systems Analyst II,238611,13,589,66,2,456459,2.56,false
Austina,Kayley,CA,Speech Pathologist,24887,14,326,45,2,375935,2.7,true
Amerigo,Grattage,IN,Media Manager II,426358,4,482,72,2,121156,3.93,true
Bibby,Surmeir,VA,Administrative Assistant I,383273,6,827,48,2,455111,3.73,true
Jo ann,Barrass,MN,Budget/Accounting Analyst II,302567,19,671,81,2,186076,2.81,false
Erina,Astie,MN,Health Coach I,148873,15,461,90,1,446409,2.77,false
Gussy,Stollenbeck,HI,Physical Therapy Assistant,572302,11,536,41,1,87618,3.57,true
Carleen,Trounson,GA,Business Systems Development Analyst,488047,23,498,23,1,491166,2.81,false
Fidelio,Halbord,KY,Registered Nurse,223705,18,435,59,2,319238,2.74,false
Daisi,Coplestone,IA,Business Systems Development Analyst,321178,25,764,47,2,299148,3.02,true
Moina,Garci,CA,Registered Nurse,169934,5,333,84,2,275896,3.62,true
Zachariah,Fust,IL,Programmer III,261525,4,546,40,2,161769,3.82,true
Ilyse,Gilkison,CA,Account Representative IV,50758,18,658,42,2,422825,3.6,true
Deanna,Webby,TX,Director of Sales,237895,10,341,92,2,100574,2.63,false
Aldon,Osanne,FL,Research Associate,82754,16,814,95,1,229008,3.51,false
Naoma,Davitti,SC,Geologist I,298103,17,597,95,2,74998,3.09,false
Rutter,Towhey,PA,Registered Nurse,112822,7,543,26,2,371181,3.06,true
Gretel,Blasik,OK,Cost Accountant,160914,16,388,97,1,372553,2.91,true
Ginny,Jatczak,MA,Developer II,502658,17,440,70,2,463977,3.06,false
Rodger,Spatig,VA,Librarian,414763,16,400,87,1,54750,3.92,true
Gregorio,Blackmoor,OK,Account Coordinator,277418,3,379,60,2,363715,3.4,true
May,Mayne,TX,Software Test Engineer I,47822,10,302,38,2,412030,3.73,false
Lewes,Aylmore,CA,Associate Professor,463040,6,849,59,1,456437,3.63,true
Giffard,Drezzer,OR,Nurse Practicioner,548265,18,830,54,2,292554,3.46,true
Phil,MacRury,NY,Safety Technician III,589865,16,350,89,1,191930,2.83,true
Kordula,Grigoryov,NY,GIS Technical Architect,541233,4,396,88,1,230433,3.63,true
Raymond,Monte,CA,Physical Therapy Assistant,431376,20,669,62,1,342382,3.92,false
Tannie,Risso,WV,Business Systems Development Analyst,301907,12,614,87,2,356265,2.78,true
Clement,Tierney,CA,Media Manager II,396149,25,306,41,1,417089,2.66,true
Allie,Crispin,GA,Computer Systems Analyst III,339327,22,723,54,1,411393,3.17,true
Leila,Balcers,FL,Statistician IV,199813,5,668,99,1,125575,2.59,true
Taffy,Eley,TX,Safety Technician I,117029,15,795,68,2,262785,3.54,false
Ann,Neenan,FL,Biostatistician I,457923,2,301,56,2,232995,2.86,true
Honor,Jasper,NY,Graphic Designer,32975,6,601,42,2,401084,3.6,true
Noble,Eves,VA,Senior Financial Analyst,427368,12,426,60,2,430490,3.2,true
Gayler,Elloway,CA,Senior Cost Accountant,26942,23,662,54,2,206363,4.0,false
Domeniga,Joslyn,TX,Executive Secretary,378287,15,446,40,2,87984,3.36,true
Birk,Jahnel,WI,Actuary,528108,25,586,37,1,483161,3.87,true
Erinna,McIlvenna,MA,Budget/Accounting Analyst I,419572,3,606,37,2,336806,3.28,true
Nelly,Kristoffersson,CA,Environmental Tech,160822,8,773,72,1,221612,3.24,true
Haley,Matityahu,AL,Quality Engineer,274893,21,325,73,1,170586,3.45,false
Beltran,Rowberry,TX,Database Administrator I,316833,7,753,47,2,222192,3.61,false
Bartholomeo,Dowry,NC,Paralegal,474689,1,567,26,2,364945,3.93,false
Leisha,O'Mara,MN,Registered Nurse,350544,18,668,26,1,290535,2.67,false
Giusto,Laherty,TX,Engineer II,201419,6,304,96,2,354035,3.75,true
Adelice,Alekseicik,TX,Assistant Professor,501115,16,747,66,1,227281,2.55,false
Hedwig,Whytock,IN,VP Accounting,598386,6,655,52,2,189062,3.21,false
Chrystel,Donnan,FL,Financial Analyst,289143,20,695,36,1,276347,3.25,false
Courtney,Yurasov,PA,Office Assistant IV,546610,16,711,88,2,395620,3.94,false
Dudley,Croci,PA,Clinical Specialist,44163,8,391,29,2,179981,3.73,false
Shirlene,Cannan,CO,Electrical Engineer,203328,24,589,91,1,77646,3.23,false
Birdie,Bratchell,CA,Junior Executive,541329,1,349,35,2,403530,3.38,true
Lemuel,Burwin,MA,Operator,531507,2,759,96,2,411755,3.17,false
Joanie,Ivain,AL,Assistant Manager,344009,3,801,51,1,284493,3.43,true
Si,Holborn,CA,Administrative Assistant II,261881,13,535,87,2,399022,3.84,false
Markos,Petrol,FL,Editor,472190,22,314,36,1,65088,3.35,true
Carmine,Buglar,CA,Office Assistant I,40678,8,623,19,1,251198,2.81,true
Suki,Garnett,GA,Database Administrator IV,479376,11,361,44,2,457508,2.52,false
Kingston,Geffe,SC,Mechanical Systems Engineer,458948,6,580,73,1,466820,3.79,true
Crystie,Feehery,CA,Sales Representative,565852,2,493,45,2,242235,2.68,false
Bartlet,Poleykett,CT,Information Systems Manager,519777,16,505,29,2,470501,3.64,true
Demetris,Gosnold,GA,Help Desk Operator,155466,19,845,84,2,456978,3.29,false
Aubrey,Newbold,TX,Financial Analyst,200703,6,838,81,2,493650,2.59,false
Fawn,Crowcum,FL,Associate Professor,240936,1,415,60,2,272053,3.96,true
Edyth,Deevey,WA,Sales Associate,314288,10,377,95,2,394103,3.31,true
Alexis,Skettles,IN,Information Systems Manager,460437,12,543,26,1,399582,3.71,true
Halimeda,Hinstock,TX,Social Worker,138500,16,399,54,1,486762,3.54,true
Evie,Kimmince,FL,Account Coordinator,27372,25,725,46,1,213682,3.72,true
Luci,Draaisma,CA,Quality Engineer,488588,12,622,73,2,218114,3.57,false
Ulises,Sawfoot,WA,Clinical Specialist,55532,4,672,86,1,379442,3.38,false
Homere,Doogood,AL,Account Representative I,465830,5,687,44,2,238446,2.83,true
Barclay,Zannolli,MO,Office Assistant IV,73374,6,496,24,2,152880,3.92,false
Damien,Dorow,PA,Quality Engineer,246891,15,813,66,2,192607,2.61,false
Jewell,Bon,CO,Assistant Manager,221141,10,512,98,1,144878,3.76,false
Audy,Lettington,PA,Health Coach I,177529,21,420,95,1,318765,3.13,false
Dorette,Dicky,NV,Registered Nurse,297992,21,505,71,1,227443,3.11,false
Laryssa,Dallyn,MN,Assistant Media Planner,495082,1,307,29,2,371958,2.79,true
Wolfie,Sigart,CA,Statistician I,579318,20,809,40,2,75977,3.69,false
Katrinka,Clementet,DC,Nuclear Power Engineer,541782,6,763,95,2,468578,3.1,false
Gallagher,Kippen,CO,Staff Accountant I,310070,12,474,91,1,229567,3.67,true
Ursula,Mapston,MO,Senior Financial Analyst,370228,2,743,95,1,416461,3.34,true
Linnea,Aberchirder,MN,Structural Engineer,488867,17,819,97,1,192880,3.69,false
Durand,Woodrough,GA,VP Quality Control,487691,20,510,25,1,461829,2.59,true
Stoddard,Sellstrom,TX,Pharmacist,347662,7,308,68,1,292553,3.61,true
Glen,Weatherhill,MI,Account Representative I,118223,25,511,50,2,485385,3.08,false
Row,Goreisr,GA,Desktop Support Technician,122251,16,394,68,2,463264,2.6,false
Hillel,Leeke,KY,Human Resources Manager,480109,1,455,97,2,76707,2.97,false
Ursola,McGloughlin,CA,Financial Advisor,225295,3,338,86,2,404706,3.65,false
Christan,Calver,OR,Senior Cost Accountant,511221,16,357,20,2,121398,2.96,true
Merwin,Blackmoor,MO,Librarian,300186,9,445,38,2,247586,3.35,true
Billie,Killby,NY,Mechanical Systems Engineer,383921,16,849,18,1,364281,2.81,true
Karyn,Robertshaw,NY,Occupational Therapist,346438,2,689,31,1,366404,2.84,true
Amii,Brackley,DC,Marketing Manager,162575,14,587,63,1,182105,3.43,false
Pate,Tunder,NY,Civil Engineer,276528,2,797,79,1,372328,3.59,true
Laurens,Baty,NY,VP Quality Control,212111,14,704,72,1,211140,3.06,false
Chantal,Ammer,NV,Analyst Programmer,385010,8,592,95,1,77219,3.86,false
Camila,Freire,GA,VP Quality Control,286413,13,490,64,1,77567,3.44,true
Marcello,Vedeneev,CA,Chief Design Engineer,76188,4,830,89,1,302429,3.31,true
Marina,Spybey,CA,General Manager,549716,20,405,22,2,494559,3.92,false
Marna,Hebbron,OH,Sales Associate,575893,25,428,85,2,333236,2.69,false
Lenora,Grigolli,TX,Help Desk Operator,435285,9,571,83,2,262044,3.6,false
Rhianna,Izon,OK,Senior Cost Accountant,40197,25,300,62,2,446507,2.67,false
Karel,Cicullo,CA,Research Associate,461577,21,304,47,2,126309,3.62,true
Jolee,Bredes,IL,Software Test Engineer III,487946,21,446,93,1,54007,3.09,false
Madeline,Shaefer,NC,Financial Advisor,161177,4,781,71,1,356451,3.88,true
Melinde,Coche,VA,Assistant Media Planner,255719,14,656,19,1,95853,3.76,false
Jacenta,Jendrassik,DC,Administrative Officer,115864,24,547,27,1,491202,3.7,false
Erastus,Hurne,TX,Editor,124043,9,589,86,1,204236,2.97,false
Sterling,Penniell,TX,General Manager,119633,1,370,96,2,412260,3.59,true
Currie,Birtchnell,CA,Assistant Professor,566698,25,491,96,2,244284,3.54,true
Haleigh,Sighard,MD,Assistant Professor,113341,16,737,26,2,431556,3.2,false
Marabel,Edes,WA,Help Desk Technician,520241,3,592,26,2,370727,3.45,false
Layney,Tregenza,CA,Assistant Professor,240791,4,750,28,2,494179,4.0,false
Cathryn,Purtell,IN,Desktop Support Technician,126934,10,827,53,2,160749,3.36,true
Diana,Cadge,UT,Office Assistant III,245886,8,558,51,2,50905,3.69,false
Lucie,Constantine,GA,Senior Quality Engineer,346749,2,581,55,2,380476,3.09,false
Joelly,Pesterfield,NV,Accounting Assistant I,332302,2,479,78,2,51002,3.21,false
Iris,Johnys,NY,Recruiter,506659,18,359,100,2,358374,3.03,false
Melinda,Perazzo,CA,Payment Adjustment Coordinator,187492,6,433,93,1,107767,3.57,false
Cristal,Desorts,TX,Web Designer III,413459,17,324,99,1,474146,3.9,false
Emlynn,Renzo,OK,VP Quality Control,551410,11,759,51,1,92707,2.84,true
Che,Muneely,CA,Automation Specialist IV,326040,25,445,33,2,299416,2.69,true
Fayina,Farquarson,MD,Staff Accountant I,477061,21,306,52,1,152464,3.46,true
Lazar,Gaddes,VA,Analyst Programmer,498993,2,412,20,2,326882,3.78,false
Robena,Dettmar,CA,Structural Analysis Engineer,540120,14,678,53,2,206487,2.72,false
Barbra,Ben,TX,Associate Professor,443357,25,658,100,1,478986,3.88,true
Munroe,Werendell,SD,Database Administrator III,523472,6,641,73,1,365861,3.02,false
Rosalinde,Albiston,TX,Assistant Media Planner,108939,3,708,34,2,396875,3.79,true
Vivien,Reynard,IN,Registered Nurse,456300,22,647,54,1,477474,3.17,false
Nealy,Prandini,KY,Web Developer III,305887,15,806,46,1,191768,2.5,true
Stanford,Grahlman,VA,Tax Accountant,129010,22,537,68,2,475201,3.35,true
Karlik,Whittlesey,NY,Software Test Engineer III,288677,8,472,78,2,143645,3.7,false
Hervey,Babbage,NY,Community Outreach Specialist,536410,12,578,67,2,375528,2.64,false
Quinn,Maryin,TX,Marketing Assistant,427697,5,480,23,1,91596,3.43,false
Dorotea,Gillitt,FL,Help Desk Operator,41058,10,558,45,1,293393,3.64,true
Susy,Woolaston,WV,Design Engineer,27748,5,488,94,2,244892,3.28,true
Ryun,Brassill,TX,Financial Analyst,26434,17,719,81,1,454965,3.25,true
Concordia,Treslove,MA,Dental Hygienist,89616,2,630,64,2,212130,3.06,false
Morten,Fellona,CA,Project Manager,329937,21,556,87,2,219065,3.31,false
Gabbey,Curling,OR,Director of Sales,541725,18,672,41,2,253803,3.13,false
Cale,Tulloch,PA,Nurse Practicioner,463807,6,812,100,2,326130,3.64,false
Levy,Tabor,MI,Compensation Analyst,157385,7,754,35,1,218175,3.67,false
Kassia,Ancketill,DC,Software Consultant,174056,2,316,43,2,485899,3.49,false
Wilek,Cattermole,SC,Account Coordinator,271984,11,740,67,1,340233,3.46,true
Nikoletta,MacGiany,OH,Software Consultant,150795,10,450,25,2,118300,3.89,false
Gayler,Thombleson,CA,Statistician III,323375,1,652,52,2,177982,3.76,false
Nathanial,Skewes,NY,Chief Design Engineer,425094,1,750,46,2,315552,3.09,false
Adam,Klewi,GA,Analog Circuit Design manager,342860,17,798,60,1,276497,2.7,true
Rockey,Lehmann,FL,Graphic Designer,390708,12,750,76,1,259347,3.54,false
Alvina,Turney,KS,General Manager,284256,2,684,99,2,431430,3.54,false
Ramon,Fitch,FL,Senior Developer,166427,14,424,72,1,344145,2.92,true
Othilie,Kropach,NY,VP Sales,318656,8,504,42,2,417269,3.67,true
Raimondo,Stockow,TX,Computer Systems Analyst III,177777,17,527,50,1,247363,3.0,true
Hartley,Dosdale,CA,Senior Quality Engineer,127507,10,450,53,2,124150,3.48,true
Fernande,Whicher,MO,Human Resources Manager,594851,25,646,37,2,217496,2.53,true
Arthur,Fosdyke,IA,Quality Engineer,565677,20,650,85,1,419764,3.27,true
Ewell,Linnett,TX,Occupational Therapist,414563,17,601,20,2,124611,3.38,true
Kristin,Quantrell,NY,Physical Therapy Assistant,103563,2,369,23,2,83739,3.94,true
Ronica,Southerden,AZ,Librarian,394261,17,643,75,2,111919,3.31,false
Lizzy,Tustin,NC,VP Marketing,494649,15,409,32,2,110189,2.65,false
Lannie,Brewster,TX,Account Executive,135478,9,710,84,1,268476,3.13,false
Karrah,Athey,CA,Environmental Tech,302265,6,337,94,2,153593,2.6,true
Maynard,Nicholes,FL,Biostatistician III,213607,10,813,45,2,55795,3.56,false
Dosi,Eary,CA,Dental Hygienist,126929,5,541,99,2,491666,3.83,false
Cordie,Mountcastle,TX,Occupational Therapist,375600,17,686,94,2,108728,2.58,true
Elsinore,Semper,NC,Senior Financial Analyst,475756,21,321,43,2,399567,3.61,true
Gerti,Kosiada,IN,Database Administrator II,486798,5,590,47,1,279689,3.65,true
Sinclair,Arkwright,MN,Programmer III,315538,23,716,36,2,429128,3.24,false
Peyton,Gibke,NY,Accountant IV,344397,2,675,93,1,476824,3.78,true
Rania,Buret,GA,Product Engineer,513244,5,390,22,1,212048,3.11,false
Sallyann,Brodeau,MN,Tax Accountant,102074,5,848,85,2,309559,3.16,false
Gabriel,Thackray,MI,Geologist II,351064,10,675,18,1,482768,3.69,true
Maximilien,Spalls,CT,Environmental Specialist,142728,21,628,46,1,214258,3.5,false
Cammy,Julien,MN,Sales Representative,339751,6,356,50,2,145565,4.0,true
Daisey,McArthur,TX,Financial Advisor,56406,16,832,35,2,406781,3.77,false
Minni,Stollmeier,AL,Actuary,375295,18,347,91,1,281729,2.79,true
Ree,Piet,CA,General Manager,320562,9,581,60,1,492893,3.65,false
Josephina,Mulliner,KS,Senior Sales Associate,435083,3,558,20,1,304559,3.01,false
Gibby,Somersett,WA,Media Manager IV,358058,14,598,22,1,127006,2.97,true
Dex,Hitchens,IN,Engineer IV,515886,6,399,93,1,428630,3.98,true
Dayna,Strood,TX,Research Associate,270097,2,707,30,1,365396,2.54,false
Tyrone,Findlow,AZ,Business Systems Development Analyst,265810,22,315,84,1,301804,2.97,true
Kaiser,Burles,NY,Dental Hygienist,282189,13,489,48,1,474313,2.62,false
Vitoria,Lantuffe,MN,Engineer I,521197,11,702,30,2,163781,2.58,false
Jethro,Webber,MN,Marketing Assistant,52833,18,380,42,1,365199,2.74,false
Sheilah,Toffel,MA,Actuary,152418,11,604,49,2,233110,3.67,true
Joey,Easter,LA,Account Coordinator,541480,14,603,37,2,392814,2.84,true
Dreddy,Leatherland,DC,Recruiting Manager,432502,4,782,81,2,346072,3.91,false
Erena,Richardsson,TX,Graphic Designer,271277,10,468,94,2,474735,3.9,true
Ashton,Darnbrook,NY,Programmer Analyst III,542944,22,579,77,2,404097,3.87,true
Juliann,Hek,DC,VP Marketing,489214,9,419,78,2,334599,2.77,false
Cal,Rekes,DC,Software Engineer IV,25723,11,662,35,2,79466,2.96,false
Elita,Oattes,OR,Nurse Practicioner,500284,13,766,68,1,205285,3.34,false
Siouxie,Prettyjohns,TX,Senior Quality Engineer,57661,6,466,36,1,239864,3.49,false
Joel,Hackinge,OH,Accounting Assistant II,346995,9,792,69,1,248250,3.02,true
Jobye,Boulsher,KS,Senior Editor,423543,15,841,26,2,312648,3.0,true
Sergio,Gall,TX,Assistant Media Planner,86798,3,737,21,2,335836,3.47,true
Shepperd,De Domenici,OK,Software Test Engineer III,117282,19,701,58,2,361084,3.02,false
Gerianne,Crilley,CA,Teacher,230293,4,740,79,1,496691,3.82,true
Joe,Maywood,VA,Technical Writer,555501,16,419,70,1,334572,3.97,false
Herrick,Boarder,AZ,Operator,354191,2,521,88,1,70710,2.94,true
Freddy,Roseveare,OR,Design Engineer,273951,9,339,46,1,140780,2.64,false
Nikkie,Diboll,FL,Systems Administrator I,243897,13,333,89,2,125859,3.16,true
Stanfield,Hendonson,TX,Executive Secretary,174173,15,760,52,2,491587,3.68,true
Louisette,Guage,CT,Office Assistant II,590814,25,567,59,1,497494,3.39,false
Dorita,Scholte,IL,Research Associate,370235,3,367,29,2,234568,3.68,true
Sherman,Kulicke,CO,Software Consultant,106404,17,439,58,1,224002,3.74,true
Anjela,Lisciardelli,PA,Registered Nurse,34814,10,538,89,2,106965,3.8,false
Cassandre,Brenston,AK,Software Test Engineer II,55945,11,810,27,1,259967,3.91,false
Rosamund,Boast,NY,Sales Associate,421973,24,447,22,1,67529,3.02,true
Merrick,Goggan,IN,Clinical Specialist,306307,11,388,41,1,327463,3.46,true
Jerrylee,McChruiter,PA,Health Coach II,311297,7,693,69,2,73801,3.56,false
Budd,Ferier,CA,Civil Engineer,142909,21,542,44,1,76632,3.44,false
Bert,Maddock,NC,Junior Executive,265600,17,398,37,2,250491,2.79,false
Alfy,Berriman,AZ,Web Designer III,517177,3,578,81,2,373161,3.45,false
Dulciana,Shaul,CA,Research Nurse,96823,18,673,98,1,324413,3.73,true
Ferguson,Humble,OR,Business Systems Development Analyst,131120,2,419,81,1,473645,2.57,false
Ignace,McCaughey,CA,Senior Quality Engineer,68500,17,762,53,1,237760,3.96,false
Melvyn,Cressy,TX,Clinical Specialist,319205,12,486,63,1,358035,3.35,true
Seka,Acomb,DC,VP Marketing,491178,7,652,76,1,343426,3.45,false
Gabby,Dumphries,CA,Dental Hygienist,404963,12,710,55,1,358042,3.57,false
Roma,Sherington,CA,VP Sales,62062,13,456,93,2,465067,3.19,true
Vivian,Imlaw,KS,General Manager,270193,16,844,80,1,415198,3.5,false
Marie-jeanne,Bonsey,IN,Human Resources Manager,539298,9,834,69,2,453832,2.7,false
Fair,Shadwick,NY,Accountant I,506024,6,785,69,1,53592,3.77,false
Torrin,Quogan,IA,Payment Adjustment Coordinator,88134,3,849,60,1,96314,2.59,true
Kendrick,Baudts,CA,Programmer Analyst IV,374817,11,695,80,2,429463,3.4,true
Margot,Isgate,VA,Staff Accountant IV,438653,11,333,19,1,307936,2.9,false
Haskell,Goshawke,TX,Operator,284578,24,534,43,2,286221,2.67,false
Arlin,Joyson,DC,Programmer Analyst III,280430,1,541,75,1,384232,3.41,false
Shawna,Emmot,NY,Software Test Engineer III,260481,14,688,88,2,487641,2.74,true
Abbye,Olenchikov,AZ,Business Systems Development Analyst,147154,12,813,99,2,66561,2.77,true
Elisa,Minkin,MI,Associate Professor,44053,16,525,37,2,476490,3.49,false
Farly,Diment,TX,Human Resources Manager,78360,1,795,61,2,118542,3.49,true
Herculie,Maundrell,IL,Recruiter,559406,16,524,76,2,158189,3.92,false
Koren,Petch,GA,Account Executive,22489,3,740,35,1,497650,2.89,true
Stefanie,Rummery,AZ,Nurse Practicioner,478071,2,473,95,1,67423,3.24,false
Alina,Cawsby,AR,VP Sales,37224,20,710,30,1,224832,3.03,false
Sydney,Howell,TX,Help Desk Technician,342458,16,541,35,1,226167,3.8,false
Coretta,Fry,TX,Geologist IV,211194,13,397,54,2,241329,3.92,false
Odella,Rippon,CO,Engineer III,435289,7,594,82,1,231973,3.0,true
Prudy,Diver,VA,Staff Accountant III,443072,5,423,73,2,335447,2.81,false
Noak,Waldren,CA,Safety Technician I,516743,10,573,65,1,356658,3.78,false
Leontyne,O'Hannen,NY,Assistant Media Planner,474634,16,536,82,2,257464,2.76,false
Ardelis,Wormleighton,IL,Director of Sales,160842,11,354,84,2,222987,2.81,false
Dorelle,Cattach,WA,Clinical Specialist,575774,22,721,62,2,405960,2.79,false
Nathalia,Petrishchev,CO,Quality Control Specialist,81504,22,587,21,2,490156,3.65,true
Joana,Kristoffersen,OH,VP Quality Control,60309,23,375,29,2,394604,3.14,false
Bret,Petrescu,TX,Desktop Support Technician,287976,19,777,18,2,219623,3.31,true
Ailee,Fransemai,CT,Marketing Assistant,228618,25,590,47,1,335844,2.87,false
Vance,Benditt,CA,VP Quality Control,364986,25,743,68,2,88553,2.83,false
Ranique,Cansfield,TX,Senior Financial Analyst,242400,3,388,42,1,374510,3.25,false
Cherilyn,Hallgalley,VA,Account Executive,63541,1,514,64,2,211177,3.78,true
Crin,Canby,OH,Software Consultant,248097,21,802,79,2,493946,2.74,true
Emelita,Matyashev,CA,Food Chemist,298933,10,647,93,2,403705,3.47,false
Bianca,Beatey,NM,Speech Pathologist,417849,21,731,18,1,170680,3.5,false
Karrah,Slyvester,NY,Research Assistant III,563930,12,833,90,1,85072,3.77,false
Ximenez,Blodgetts,KS,Community Outreach Specialist,310955,2,821,51,2,138618,3.38,false
Leland,Hundell,OR,Associate Professor,472369,15,755,97,2,294694,2.86,false
Mollie,Chamney,WA,Legal Assistant,29442,13,824,74,2,404452,2.73,false
Olav,Plank,TX,Analog Circuit Design manager,342862,13,594,97,2,343263,2.59,false
Pauline,Brettelle,MT,Chief Design Engineer,579656,17,479,33,1,469619,2.79,false
Waneta,Johnstone,IN,Account Coordinator,84673,15,618,33,2,60241,3.12,false
L;urette,Goldfinch,OR,Human Resources Manager,290274,19,782,60,2,399409,3.11,false
Mycah,Mildner,NY,Data Coordiator,440398,10,699,53,1,173165,2.74,true
Marshall,Tyrie,CA,Assistant Professor,444109,2,755,87,1,127427,2.84,true
Lelia,Salzburg,IN,Analog Circuit Design manager,263388,22,807,98,2,494183,3.55,false
Luke,Presidey,DC,Accounting Assistant I,205894,6,584,43,1,359662,2.53,true
Ev,Marco,NY,Sales Associate,162922,15,636,90,1,253202,3.84,false
Coreen,Glantz,FL,Senior Quality Engineer,529266,20,472,28,1,277768,2.56,true
Adele,Few,UT,Administrative Officer,529236,2,728,76,2,71136,3.2,false
Lazare,Pirkis,NY,Senior Quality Engineer,81354,2,342,45,1,316044,2.57,false
Saunderson,Sawle,NE,Cost Accountant,91489,21,471,28,1,225976,3.18,false
Ernie,Willmore,PA,VP Accounting,445969,19,503,67,1,74370,3.78,false
Mitch,Twaite,CO,Geological Engineer,119633,18,588,81,2,313274,3.59,true
Elnora,Gabbitis,OH,Financial Advisor,287196,9,638,94,1,388660,2.89,false
Nada,Morphet,CA,Accountant IV,295865,7,752,96,1,297419,3.45,true
Ancell,Hymers,WA,Physical Therapy Assistant,589785,3,838,19,1,422152,3.81,true
Emery,Acutt,WV,Help Desk Operator,136807,20,752,98,2,87929,2.94,true
Ethel,Lagne,CA,Director of Sales,403751,4,394,84,1,143276,2.62,true
Laural,Shann,MI,Account Representative II,102119,24,639,30,1,457302,3.8,false
Tobit,Sweetlove,MA,Statistician IV,331872,2,308,85,2,59204,3.32,false
Marjy,Staves,CA,Programmer Analyst III,34083,12,747,43,1,302704,3.04,true
Loni,Rathjen,LA,Structural Engineer,328428,5,670,44,1,198864,3.41,false
Hebert,Rigard,PA,Quality Control Specialist,343638,24,620,100,2,262648,3.12,false
Estele,Horrod,NY,Help Desk Technician,558213,20,406,58,2,435263,3.2,true
Olia,Stranahan,WA,Help Desk Operator,223481,11,704,93,2,411618,2.51,true
Reggie,Berthelet,IL,Human Resources Manager,440197,9,328,44,1,74618,3.26,true
Iolanthe,Shovelin,GA,GIS Technical Architect,181767,19,406,94,2,406485,2.64,false
Hayley,Esslemont,MI,Design Engineer,111344,22,779,75,2,146347,3.4,false
Esmaria,Durbin,MT,Recruiting Manager,35279,10,656,49,1,117229,2.72,true
Harwell,Boykett,NY,Nurse Practicioner,413206,13,346,91,2,142428,3.92,true
Barbey,Wadhams,TX,Paralegal,411266,8,531,98,2,287339,2.73,false
Hyman,Stieger,CA,Geological Engineer,120786,8,344,42,1,169475,2.69,false
Bartolomeo,Egdale,NE,Compensation Analyst,407853,8,376,86,1,101271,3.84,false
Rudyard,Bentame,KS,Graphic Designer,594742,1,336,64,1,494665,3.53,false
Marnia,Plumstead,NY,Structural Engineer,367659,9,501,39,2,301181,2.86,false
Sauveur,Sweatman,TN,Help Desk Technician,151548,23,715,49,1,200635,3.83,false
Jessie,Bavester,CA,Geologist IV,483677,23,448,32,2,453796,2.85,true
Darelle,Swinfen,NE,Help Desk Operator,520784,5,348,96,2,98198,3.96,true
Ramon,Lipp,NY,Financial Analyst,193204,11,507,98,2,127167,2.89,false
Clay,Pentin,KY,Mechanical Systems Engineer,118701,3,530,55,1,113448,3.23,true
Blinnie,Cranna,WI,Safety Technician III,164925,25,427,61,1,291359,2.91,true
Sterling,Midson,FL,Account Coordinator,61948,14,837,92,1,188195,3.75,true
Amabel,Petr,AR,Professor,337977,2,519,47,2,481299,3.67,true
Chanda,Tuckwell,TN,Sales Representative,423893,14,326,29,1,127080,3.19,true
April,Dahlen,IN,Pharmacist,384998,17,367,47,1,429155,3.62,true
Dayna,Strutton,MD,Senior Sales Associate,300490,8,757,19,2,393131,3.14,false
Rois,Kacheler,TX,Pharmacist,517984,10,362,25,1,232041,2.83,true
Lurline,Biasi,IL,Recruiter,156608,7,669,41,1,83810,3.71,true
Bridie,Keig,IN,Project Manager,326609,14,643,21,2,322972,4.0,false
Lyndsey,Mc Cahey,NY,Safety Technician II,322796,17,730,71,2,106611,3.41,true
Delcina,Everix,IN,Recruiting Manager,372735,6,496,95,1,261155,3.14,false
Nani,Laneham,DE,Administrative Officer,249211,8,699,61,2,329048,2.86,true
Marika,Vallens,HI,Compensation Analyst,328921,14,315,25,1,130454,3.59,false
Hildy,Brightey,MS,Recruiter,586044,16,405,47,1,444991,3.85,false
Seline,Barock,CO,Assistant Manager,194053,20,483,20,2,427534,2.53,false
Averell,Newvill,IA,Web Developer II,163928,2,398,63,2,296290,3.7,true
Allyce,Cashman,DE,Nurse Practicioner,338582,14,525,55,1,344768,2.55,true
Jesus,Wittey,VA,Assistant Manager,590261,21,312,19,2,249927,3.37,false
Philis,Billingsley,TX,Senior Cost Accountant,494021,18,689,41,1,54884,3.87,true
Darcie,Morewood,TX,Account Coordinator,175553,15,783,36,2,101294,3.56,true
Fair,Banbrigge,IN,Analog Circuit Design manager,569343,6,548,21,2,467748,2.83,true
Efren,Roswarn,NC,Administrative Assistant I,584399,12,607,55,2,386300,2.93,true
Jemmie,Aldwich,CA,Research Nurse,405813,11,345,72,2,315518,2.52,true
Olia,Bootman,CA,Geological Engineer,27088,13,660,39,1,452424,2.81,false
Keelia,Matzkaitis,OH,Marketing Assistant,312433,8,797,27,1,101146,3.16,false
Vivia,Heaseman,TX,Geologist IV,593944,4,321,80,2,174695,2.89,false
Madella,Mirfin,KY,Account Representative II,194758,1,816,54,2,129377,3.14,false
Ruth,Deeson,LA,Teacher,339648,9,670,33,1,277163,3.68,false
Kayley,Iddens,TX,Staff Accountant I,28043,19,778,68,1,451676,3.26,true
Ranee,Parramore,CT,Biostatistician III,119299,23,694,53,2,264064,2.83,true
Opaline,Poultney,TX,Senior Cost Accountant,62975,24,669,97,1,127458,3.96,true
Walton,Fusedale,OH,Help Desk Operator,522163,10,578,84,2,279827,2.57,false
Charleen,Tomasi,DC,Paralegal,553769,21,706,48,2,281069,3.06,false
Adan,Vallance,CT,Account Executive,577055,10,652,97,1,157494,2.88,false
Mirella,Jereatt,TN,Research Nurse,588997,24,323,59,1,452620,2.68,false
Adriano,Bracegirdle,NC,Web Developer II,33890,2,358,93,2,113286,3.46,false
Giorgio,Beadel,FL,Administrative Officer,40739,22,537,59,2,89091,2.7,false
Saundra,Haydney,CA,Media Manager II,70146,7,818,61,2,253874,2.62,false
Candace,Pinson,KY,Design Engineer,257083,7,681,18,1,256177,2.83,false
Karel,Pilmoor,IL,Mechanical Systems Engineer,576563,21,519,65,2,408350,3.62,true
Perren,Yashunin,GA,Programmer II,443280,23,581,52,1,352583,3.38,false
Tabatha,Furmston,CT,Technical Writer,538597,1,819,64,1,149596,3.1,false
Tillie,Gladding,LA,Account Coordinator,558692,25,327,41,2,250784,3.1,true
Franciska,Alesi,NV,Office Assistant II,249474,4,821,32,2,433641,2.77,true
Maxie,Kirwin,FL,Occupational Therapist,42484,4,358,83,1,495443,3.72,true
Conn,Vanichkov,TX,Staff Accountant IV,547007,15,313,37,1,304809,3.72,true
Gerhardine,MacGruer,TX,VP Sales,129111,10,770,19,1,180784,3.89,true
Iggy,Hurburt,IN,Social Worker,413769,11,777,75,1,104893,3.86,true
Dacey,McDirmid,GA,Physical Therapy Assistant,266384,5,650,55,1,380074,2.67,true
Allin,Fearon,NC,Account Representative IV,182620,16,742,59,2,467241,3.98,false
Evey,Durnford,NC,Junior Executive,379516,5,444,72,2,376213,3.14,false
Alethea,O'Dulchonta,CA,Financial Advisor,351971,12,757,63,2,239512,3.57,false
Adan,Gosden,NM,Chief Design Engineer,301578,1,839,77,1,263756,3.64,true
Cristine,Watchorn,CT,Accounting Assistant IV,70605,18,384,58,2,100172,2.89,false
Arney,Steagall,WV,Analog Circuit Design manager,553429,16,366,31,1,172662,3.15,true
Celene,Ridwood,PA,Senior Sales Associate,226550,24,597,40,2,440641,3.42,false
Ania,Richten,WY,Chief Design Engineer,468378,22,476,90,1,63130,3.67,false
Suzie,Edlyne,CA,General Manager,588374,5,329,32,2,478988,3.11,true
Reba,Pimm,CA,Junior Executive,562679,8,667,44,1,278662,3.12,true
Phyllys,Gheorghe,AL,Systems Administrator II,327911,12,648,31,1,62691,3.62,false
Rosie,Shutle,VA,Assistant Manager,531794,16,829,76,2,190643,3.86,true
Land,Molfino,MO,Senior Developer,481984,7,737,65,2,395608,3.66,true
Abigail,Vinten,MI,Director of Sales,119689,4,436,52,2,423163,3.65,true
Davidson,Stefanovic,MI,Professor,47167,11,821,45,2,121195,3.07,false
Faunie,Redpath,TX,Financial Advisor,467566,15,399,39,1,133761,3.38,false
Peirce,Le Pine,FL,Quality Control Specialist,214105,16,759,78,1,423815,3.54,false
Louis,Shovelin,WI,Senior Cost Accountant,54961,8,679,40,2,431287,2.86,true
Aryn,Krolik,NH,Project Manager,463391,1,334,31,2,117801,3.06,true
Barbee,Alison,CA,Research Associate,412803,2,379,98,1,414877,2.63,true
Loraine,Gover,FL,General Manager,450736,19,461,25,2,409080,2.7,false
Grady,Yeardley,CA,GIS Technical Architect,497180,3,322,40,1,207219,2.69,false
Barret,Clayworth,AZ,Librarian,526876,9,657,24,1,179848,3.94,false
Jon,Kleinhaut,MO,Recruiting Manager,51250,6,323,40,1,485461,3.57,true
Ula,Haseley,MN,Desktop Support Technician,500574,14,690,39,1,450225,3.38,true
Malorie,Neligan,MN,General Manager,64453,10,539,35,1,321960,3.63,true
Phillipe,Matson,MI,Information Systems Manager,587310,20,487,48,2,377654,3.37,true
Sylvester,Stradling,MN,Account Coordinator,77990,15,339,26,2,461224,3.56,false
Batsheva,Swanwick,MI,Clinical Specialist,261729,6,416,62,2,113966,2.96,true
Mitzi,Blazdell,VA,Help Desk Operator,443604,15,719,61,2,92507,3.53,false
Ede,Heindrich,LA,Senior Editor,476842,11,564,29,2,252617,3.72,true
Caritta,Gauler,NC,VP Accounting,438772,2,374,20,2,67479,2.8,true
Gale,Tett,DC,Senior Financial Analyst,584736,7,559,24,1,163053,2.57,true
Cyndi,Corbet,TX,Social Worker,531464,20,328,31,1,238223,2.63,false
Guthrey,Mossdale,CA,Help Desk Technician,195123,12,657,71,2,229183,3.71,false
Ingelbert,Lewsey,MI,Executive Secretary,460132,7,740,72,2,62730,2.73,true
Roze,Feaveer,AZ,Senior Developer,371594,14,793,49,1,171459,3.47,true
Lynette,Pancoast,NY,VP Product Management,362937,2,694,75,2,277881,2.61,false
Gaultiero,Beenham,NY,Analog Circuit Design manager,442093,12,681,34,2,378768,2.58,false
Shannah,Bilbery,CT,Tax Accountant,105503,14,561,56,2,120021,3.67,true
Rickey,Wickling,OH,Business Systems Development Analyst,57947,25,589,47,2,223196,3.65,false
Marco,Stranks,MA,Payment Adjustment Coordinator,385494,19,845,77,2,110209,3.59,true
Daria,Sheehan,FL,Occupational Therapist,310035,18,307,89,2,229943,2.91,true
Lorene,Blethin,CO,Engineer I,26909,17,423,100,2,235434,2.95,true
Branden,McLardie,VA,Help Desk Operator,119510,23,392,44,2,334819,3.7,true
Terrijo,Aspel,IN,Administrative Assistant II,125151,18,366,52,2,222764,2.55,true
Jacinthe,Radloff,TX,Legal Assistant,254220,11,581,22,1,109702,3.93,false
Ayn,MacLleese,MO,Quality Engineer,164574,11,803,48,2,456134,3.7,true
Zarla,Beaze,NY,Design Engineer,71157,8,771,47,1,443829,3.23,false
Katinka,Brundell,OK,Health Coach II,328073,15,762,68,1,234214,2.71,true
Odella,Austins,CA,Editor,456567,13,746,96,2,50144,3.71,true
Drucy,Meeks,MD,Information Systems Manager,487426,6,827,56,1,325535,2.98,true
Isak,Ericsson,CA,Media Manager III,423723,24,664,40,2,123409,3.27,true
Mady,Wilding,NY,Web Designer I,184978,13,423,46,1,321269,3.25,true
Legra,Kliche,VA,Budget/Accounting Analyst II,572693,18,596,95,1,231627,3.09,true
Alexandre,Alvarado,NC,Staff Accountant IV,289226,8,499,25,2,414033,3.41,false
Theodore,Bolitho,DC,Sales Associate,236352,25,335,57,1,240826,3.17,true
Renault,Fitzsimmons,GA,Software Test Engineer IV,260283,20,715,98,1,403870,3.45,false
Paquito,Benasik,LA,Budget/Accounting Analyst II,308405,13,669,94,2,266878,3.63,false
Ardith,Geraud,WA,Graphic Designer,210648,3,576,81,1,176013,3.66,true
Dominga,Burnhill,ID,Programmer Analyst II,550251,25,489,36,2,276523,3.79,true
Harriot,Dignam,SC,Mechanical Systems Engineer,80349,21,329,26,1,197507,3.94,true
Babbette,Dougher,VA,Professor,303862,23,337,42,2,148707,3.26,false
Barr,Carty,WA,Pharmacist,575484,13,508,100,2,52439,3.87,true
Aleksandr,De Robertis,KY,Assistant Media Planner,491081,17,472,35,1,207065,2.87,false
Delano,Leif,IN,Speech Pathologist,391982,11,406,54,2,274856,3.49,false
Nicky,Riccioppo,PA,Quality Engineer,454171,4,402,36,2,262027,3.66,false
Cassie,Awdry,AZ,Dental Hygienist,581166,6,837,72,2,427461,2.98,true
Duncan,Larking,TX,Human Resources Assistant III,135676,25,470,49,2,301251,3.43,false
Gustie,Courtier,AZ,Recruiting Manager,400502,14,819,78,1,128328,3.27,true
Flora,Dibbe,AZ,Operator,185760,20,737,37,2,279529,3.08,true
Gayla,Dudley,TX,Physical Therapy Assistant,152738,8,713,50,2,277037,3.78,true
Shaine,Preddle,NY,Administrative Assistant II,242303,12,547,86,2,114035,3.65,true
